21_JUMP_STREET_DVS36.avi	18	89	On an obstacle course, SOMEONE finishes a tire run then roots for SOMEONE.
21_JUMP_STREET_DVS42.avi	8	48	As SOMEONE finishes the tire run
21_JUMP_STREET_DVS73.avi	13	64	The biker knocks him over and runs off.
21_JUMP_STREET_DVS135.avi	27	61	SOMEONE runs back to him.
21_JUMP_STREET_DVS182.avi	39	99	Now the two cops run down a hall.
21_JUMP_STREET_DVS225.avi	0	0	SOMEONE run into a school band practice and trips over free-standing cymbals.
21_JUMP_STREET_DVS269.avi	0	0	They high five. Later they run from a liquor store with carts full of beer and booze. Now they make punch.
21_JUMP_STREET_DVS345.avi	0	0	Then run to a safe distance. The bottle explodes.
21_JUMP_STREET_DVS427.avi	105	123	SOMEONE spots him running away.
21_JUMP_STREET_DVS448.avi	0	0	The truck runs over his legs.
21_JUMP_STREET_DVS462.avi	62	99	SOMEONE runs off.
21_JUMP_STREET_DVS464.avi	0	0	SOMEONE runs on stage.
21_JUMP_STREET_DVS582.avi	0	0	He runs around it. SOMEONE scrambles into the kitchen.
30_MINUTES_OR_LESS_DVS157.avi	28	116	SOMEONE and SOMEONE watch from inside the van as SOMEONE runs past the entrance.
30_MINUTES_OR_LESS_DVS161.avi	92	136	SOMEONE talks on his cell as he runs into the building with the flower store.
30_MINUTES_OR_LESS_DVS210.avi	1	32	They run through an alley.
30_MINUTES_OR_LESS_DVS251.avi	122	147	The Mustang pulls over and SOMEONE runs a safe distance away.
30_MINUTES_OR_LESS_DVS313.avi	38	87	SOMEONE runs down a path strewn with garbage.
30_MINUTES_OR_LESS_DVS337.avi	1	59	SOMEONE runs back with the bag.
40_YEAR_OLD_VIRGIN_DVS218.avi	94	144	As SOMEONE rides, SOMEONE runs to him.
40_YEAR_OLD_VIRGIN_DVS228.avi	0	0	SOMEONE runs her fingertips between the straps of her white camisole. As SOMEONE beams.
500DAYSOFSUMMER_DVS227.avi	1	46	SOMEONE's little sister runs of to join her football team on the pitch.
500DAYSOFSUMMER_DVS395.avi	14	69	He is running down the stairs.
A_GOOD_DAY_TO_DIE_HARD_DVS516.avi	0	0	The agent fires back, then drops the blonde man's body and runs to his father.
A_GOOD_DAY_TO_DIE_HARD_DVS527.avi	82	177	Now SOMEONE scurries across the rooftop, to the waiting chopper. The bald man runs up to him.
A_GOOD_DAY_TO_DIE_HARD_DVS541.avi	108	140	They scramble to their feet and run through the room. Machine gun fire whizzes by, narrowly missing them.
A_GOOD_DAY_TO_DIE_HARD_DVS560.avi	0	0	They run across an empty street, as a police cruiser whizzes by.
A_GOOD_DAY_TO_DIE_HARD_DVS727.avi	0	0	He tucks radio into his breast pocket as she runs out of the vault.
A_GOOD_DAY_TO_DIE_HARD_DVS789.avi	0	0	Outside, SOMEONE yanks the bald thugâ€™s weapon away and runs toward the building.
A_GOOD_DAY_TO_DIE_HARD_DVS803.avi	0	0	SOMEONE runs off as SOMEONE fires.
A_GOOD_DAY_TO_DIE_HARD_DVS821.avi	145	176	He runs through the flaming room in his dirty and bloodstained white T-shirt. SOMEONE sprints up the stairs as his father exits the building. SOMEONE sees the helicopter still on the ground. Shielding his face, he rushes toward the loading ramp as the rotor intensifies. In the cockpit, the pilot readies for liftoff.
A_GOOD_DAY_TO_DIE_HARD_DVS866.avi	29	208	In slow motion, he runs across a series of docks spanning the roof as sparks fly from the rotor blades hitting the sign.
A_GOOD_DAY_TO_DIE_HARD_DVS879.avi	34	96	SOMEONE runs along the roof's edge.
A_THOUSAND_WORDS_DVS147.avi	0	0	Still holding his trays, SOMEONE runs after him.
A_THOUSAND_WORDS_DVS183.avi	1	16	SOMEONE runs off. Samantha frowns at SOMEONE, who begins to shimmy.
A_THOUSAND_WORDS_DVS236.avi	0	0	SOMEONE runs to SOMEONE's desk, points at the Austin Powers doll, then at himself, then sweeps his arm in a circle.
A_THOUSAND_WORDS_DVS238.avi	33	66	SOMEONE takes the doll and runs off.
A_THOUSAND_WORDS_DVS240.avi	28	60	SOMEONE runs into SOMEONE's office and dumps an armload of dolls onto his desk.
A_THOUSAND_WORDS_DVS299.avi	0	0	The two executives stare at SOMEONE, who picks up another breadstick and runs it across Samantha's cheek,
A_THOUSAND_WORDS_DVS362.avi	0	0	SOMEONE holds up his left hand, points to his wedding band then runs a finger across his own throat.
ABRAHAM_LINCOLN_VAMPIRE_HUNTER_DVS277.avi	131	168	He flees among his frightened horses. An aerial view shows the herd crossing a riverside field. As the vampire runs up ahead, SOMEONE mounts one of the horses.
ABRAHAM_LINCOLN_VAMPIRE_HUNTER_DVS286.avi	182	207	He rises to his feet then runs after the vampire landing on a new horse's back with every daring step. Through a veil of wafting dust, we glimpse SOMEONE as he looks back and grins.
ABRAHAM_LINCOLN_VAMPIRE_HUNTER_DVS353.avi	0	0	At a dock, SOMEONE runs his gloved hand over the top of a wooden casket.
ABRAHAM_LINCOLN_VAMPIRE_HUNTER_DVS404.avi	216	278	He and SOMEONE catch up to the carriage and climb on to the back. It loses a wheel as it speeds out, but continues down the dirt path. Later, they run.
ABRAHAM_LINCOLN_VAMPIRE_HUNTER_DVS516.avi	0	0	A pale Confederate runs on despite a blood spraying chest wound and a bullet through his hand. Another bears his fangs. As the General shoots, the Confederates vanish. A force knocks his head off and his men fall behind him.
ABRAHAM_LINCOLN_VAMPIRE_HUNTER_DVS627.avi	28	60	They run back across the rooftops.
ABRAHAM_LINCOLN_VAMPIRE_HUNTER_DVS635.avi	90	113	The track under the last railcar gives out and the railcar flips forward forcing SOMEONE and SOMEONE to run on to the next. SOMEONE kicks out another support beam. SOMEONE and SOMEONE fall to the structure under the track then hurry along its beams.
ABRAHAM_LINCOLN_VAMPIRE_HUNTER_DVS665.avi	0	0	Amid the chaos of battle, a soldier stabs the top of a vampire's head, then pulls his blade out and runs on. A line of cannons fire and a number of explosions erupt across the battlefield. One rips a vampire apart.
BATTLE_LOS_ANGELES_DVS328.avi	0	0	Grenade the hall and runs off.
BATTLE_LOS_ANGELES_DVS384.avi	0	0	SOMEONE gazes at the tech sergeant then shifts his eyes thoughtfully. Now as the bus runs a corner, SOMEONE studies his map. SOMEONE joins him.
BATTLE_LOS_ANGELES_DVS409.avi	0	0	Lowers his weapon and starts to run.
BATTLE_LOS_ANGELES_DVS523.avi	0	0	Hector runs out of the tent.
BATTLE_LOS_ANGELES_DVS609.avi	55	123	They rise. Then they run.
BIG_MOMMAS_LIKE_FATHER_LIKE_SON_DVS212.avi	0	0	SOMEONE<Mia> runs off with her tray.
BIG_MOMMAS_LIKE_FATHER_LIKE_SON_DVS215.avi	22	95	SOMEONE<Trent> runs up a flight of steps and hurries off with his purse in hand.
BIG_MOMMAS_LIKE_FATHER_LIKE_SON_DVS528.avi	20	88	The agent in drag runs outside to find the henchmen about 50 yards away.
BIG_MOMMAS_LIKE_FATHER_LIKE_SON_DVS576.avi	0	0	SOMEONE<Charmaine> runs out and sits beside her.
BIG_MOMMAS_LIKE_FATHER_LIKE_SON_DVS587.avi	18	37	As SOMEONE<Trent> runs after her, SOMEONE<Chirkoff> grabs SOMEONE<Big>.
BIG_MOMMAS_LIKE_FATHER_LIKE_SON_DVS603.avi	0	0	His gaze drifts to a duffel bag on the floor. He heaves it onto a workbench. Unzipping it, he pulls out his regular clothes. Meanwhile, SOMEONE<Chirkoff> runs on to the quad.
BIG_MOMMAS_LIKE_FATHER_LIKE_SON_DVS609.avi	19	99	He runs after her.
BLINDDATING_DVS79.avi	0	0	SOMEONE<Larry> snatches the knife, pries out the blade and runs the blunt side across his palm.
BLINDDATING_DVS285.avi	0	0	A microscopic view shows blood flow along a Y-shaped pathway. In the waiting room, Dr. SOMEONE<Evans> puts on her glasses and exhales. Now, an assistant flips a pump run button and a pressure gauge needle swivels past 40.
BRUNO_DVS47.avi	0	0	SOMEONE runs through the terminal with a black blanket covered his body.
BRUNO_DVS127.avi	94	123	He races away, as a group of men run toward him.
BURLESQUE_DVS218.avi	0	0	They notice SOMEONE onstage, swinging her hips and running her fingers down her blonde hair.
BURLESQUE_DVS247.avi	1	44	As she runs off, SOMEONE wears a muted smile. Now at the costume rack.
BURLESQUE_DVS260.avi	0	0	In a performance, the dancers frolic downstage, SOMEONE among them. The newest dancer runs her hands through her hair and shakes her hips. The view veers to SOMEONE backstage.
BURLESQUE_DVS610.avi	0	0	Facing each other, SOMEONE runs his fingers through her hair. They kiss again.
BURLESQUE_DVS746.avi	0	0	Several bartenders run onstage.
CAPTAIN_AMERICA_DVS125.avi	0	0	Later, SOMEONE lags behind the rest of his squad as they run.
CAPTAIN_AMERICA_DVS211.avi	0	0	SOMEONE grabs the last vial of serum and shoots Dr. SOMEONE in the chest. As SOMEONE flees the room, he shoots an MP. Agent SOMEONE takes out a pistol and shoots SOMEONE on the shoulder, but he escapes into the hallway and shoots another guard. SOMEONE runs after him as SOMEONE huddles over Dr. SOMEONE.
CAPTAIN_AMERICA_DVS217.avi	52	121	SOMEONE grabs the machine gun and runs out of the shop and into the street.
CAPTAIN_AMERICA_DVS223.avi	0	0	SOMEONE stands and runs after the cab. SOMEONE checks his rear-view mirror as he negotiates the bullet-ridden taxi down crowded city streets.
CAPTAIN_AMERICA_DVS226.avi	0	0	SOMEONE runs up an alley, then leaps over a chain-link fence in a single bound. Cars swerve as he emerges in a street.
CAPTAIN_AMERICA_DVS233.avi	0	0	SOMEONE skids onto a road running parallel to the waterfront, then fires his pistol straight up through the cab's roof.
CAPTAIN_AMERICA_DVS236.avi	0	0	Carrying the boy, SOMEONE runs down an alley, then fires back at SOMEONE as he ducks behind a metal tank.
CAPTAIN_AMERICA_DVS265.avi	0	0	Wearing a red, white, and blue costume and mask, SOMEONE picks up a shield decorated like the American Flag and runs onstage.
CAPTAIN_AMERICA_DVS282.avi	0	0	SOMEONE runs after SOMEONE.
CAPTAIN_AMERICA_DVS308.avi	0	0	He runs and leaps into the back of the last transport truck where inside, two masked
CAPTAIN_AMERICA_DVS312.avi	0	0	The shield bashes the guard in the faces, knocking him backward. SOMEONE hops on to the dock, then runs and hides amid several parked vehicles marked with the Hydra symbol.
CAPTAIN_AMERICA_DVS314.avi	0	0	He runs along the roof toward another massive building beyond sweeping searchlights.
CAPTAIN_AMERICA_DVS324.avi	0	0	Dugan, the mustached man with the bowler, glances at his companions as SOMEONE runs off. Later, the escaping men rush into the yard, clobbering guards and stealing their weapons. One Hydra soldier shoots several prisoners before being tackled to the ground.
CAPTAIN_AMERICA_DVS338.avi	0	0	SOMEONE runs out of the control room and onto a catwalk. On another catwalk above the factory floor, SOMEONE kicks a guard on the chest, knocking him over a railing.
CAPTAIN_AMERICA_DVS343.avi	0	0	He runs into the hallway where SOMEONE stands at its far end. SOMEONE turns and flees in the opposite direction.
CAPTAIN_AMERICA_DVS352.avi	0	0	The armored vehicle rolls through the flaming gate, escaped prisoners run out behind it. In the control room, one of the timers reaches zero.
CAPTAIN_AMERICA_DVS355.avi	0	0	They retreat from the flames, dashing upstairs, and running onto an upper catwalk.
CAPTAIN_AMERICA_DVS380.avi	0	0	SOMEONE runs and leaps, grabbing on to the far railing just before the beam falls. He pulls himself up onto the catwalk and looks back at SOMEONE on the opposite side.
CAPTAIN_AMERICA_DVS427.avi	139	171	SOMEONE runs after SOMEONE.
CAPTAIN_AMERICA_DVS440.avi	0	0	As his fellow soldiers run outside, SOMEONE flies out of the exploding building on a motorcycle. Approaching in his long, black convertible, SOMEONE stops and grimaces as he watches the Hydra factory burn. In the strategy room, an assistant uses a long stick to remove a flag from the war map and pass it to SOMEONE.
CAPTAIN_AMERICA_DVS444.avi	0	0	Later, SOMEONE and his team run through the forest while bombs explode around them.
CAPTAIN_AMERICA_DVS446.avi	0	0	SOMEONE signals as a Hydra tank approaches on a forest road. Dernier runs onto the road, rolls underneath the armored vehicle, and places a detonator on its frame.
CAPTAIN_AMERICA_DVS535.avi	0	0	SOMEONE runs down the corridor as dozens of armed Hydra troops run after him.
CAPTAIN_AMERICA_DVS540.avi	0	0	SOMEONE carries a machine gun as she runs alongside the advancing soldiers. Hydra guards and troopers fire blaster weapons, incinerating some soldiers as they approach the base.
CAPTAIN_AMERICA_DVS545.avi	0	0	As Allied soldiers pour in, SOMEONE picks up a blaster and incinerates several of them before running off.
CAPTAIN_AMERICA_DVS554.avi	0	0	SOMEONE runs up to SOMEONE.
CAPTAIN_AMERICA_DVS556.avi	0	0	SOMEONE runs to his shield and pulls it free, then dashes through the doors as they close.
CAPTAIN_AMERICA_DVS560.avi	0	0	Propellers lining the back of the boomerang-shaped bomber spin to life as the plane fires twin thrusters and rolls down the hangar's runway. SOMEONE runs into the hangar and glances around at the battling Hydra troopers and Allied soldiers. He sprints through the fray, knocking troopers down with his shield.
CAPTAIN_AMERICA_DVS604.avi	49	49	Using his shield as cover, SOMEONE runs up and punches SOMEONE in the stomach causing him to drop his blaster. He slices at his throat with the shield, but SOMEONE dodges and punches SOMEONE to the deck.
CAPTAIN_AMERICA_DVS644.avi	0	0	Scarring the landscape, deep furrows run toward the remains of the crashed plane.
CAPTAIN_AMERICA_DVS667.avi	0	19	SOMEONE runs out of an exit.
CAPTAIN_AMERICA_DVS668.avi	172	213	SOMEONE barrels past security guards as he races down a hallway. He dashes out of a modern office building and into a city street. SOMEONE runs into the middle of Times Square, then stops and gazes at the brightly lit signs and video screens all around him.
CHARLIE_ST_CLOUD_DVS40.avi	1	57	She runs after a bus.
CHARLIE_ST_CLOUD_DVS125.avi	0	0	flips his hair out of his face. His merry grin fades as he surveys the darkened inlet. Finding himself alone, he idly runs his arms through the water.
CHARLIE_ST_CLOUD_DVS140.avi	1	55	He grabs the magazine and runs off.
CHARLIE_ST_CLOUD_DVS162.avi	0	0	Now, SOMEONE cautiously grabs a suspended safety wire running along the side of SOMEONE's sloop. He slides his hand across it as he walks the length of the deck. The vessel's lowered sails rest loosely around the boom, their folds draped over the cabin's roof. SOMEONE sweeps his gaze up at taut vertical line,
CHARLIE_ST_CLOUD_DVS211.avi	3	143	She slows as he runs to catch up to her.
CHARLIE_ST_CLOUD_DVS241.avi	79	80	She blows out the candle and runs off.
CHARLIE_ST_CLOUD_DVS278.avi	0	0	SOMEONE eyes the dog, grabs a leash from a hook by the door. Dog runs out a doggie door.
CHARLIE_ST_CLOUD_DVS289.avi	83	124	Outside, she runs.
CHARLIE_ST_CLOUD_DVS290.avi	1	14	SOMEONE lets the dog run by.
CHASING_MAVERICKS_DVS49.avi	104	160	The girl watches, then runs to meet them with the dog in tow.
CHASING_MAVERICKS_DVS117.avi	0	0	examining a crack running horizontally across its deck.
CHASING_MAVERICKS_DVS184.avi	0	0	A curly haired teenage SOMEONE runs his hand along a wave as he easily carves up and down its face.
CHASING_MAVERICKS_DVS752.avi	24	63	SOMEONE runs in.
CHRONICLE_DVS107.avi	0	0	SOMEONE throws the baseball right into SOMEONE's face, then runs over to him.
CHRONICLE_DVS410.avi	131	162	As the others run, SOMEONE gestures sending one of them smashing into a car's rear window, and another cartwheeling down to the pavement.
CINDERELLA_MAN_DVS20.avi	0	0	She runs into his arms.
CINDERELLA_MAN_DVS37.avi	0	0	He runs a hand down his cheeks.
CINDERELLA_MAN_DVS61.avi	22	86	Two children run out from the car.
CINDERELLA_MAN_DVS69.avi	41	70	She runs over to SOMEONE.
CINDERELLA_MAN_DVS221.avi	0	0	SOMEONE runs after her husband. Now in the Tenement Courtyard, a woman sweeps dust out of a garage set up as an apartment. While SOMEONE bounces a ball off a wall, SOMEONE crouches facing SOMEONE.
CINDERELLA_MAN_DVS225.avi	20	65	kisses SOMEONE then runs off.
CINDERELLA_MAN_DVS264.avi	38	124	SOMEONE runs down the alley past SOMEONE.
CINDERELLA_MAN_DVS335.avi	0	0	She runs her hand over her husband's. He removes his cap.
COLOMBIANA_DVS160.avi	1	22	She runs off. Following her, a gunman rushes past the angry resident.
COLOMBIANA_DVS165.avi	60	82	The biker gives chase with two gunmen running behind him.
COLOMBIANA_DVS171.avi	31	59	SOMEONE runs down a long staircase between the crowded tiers of rundown homes.
COLOMBIANA_DVS438.avi	0	0	In the alley, officers run past the prison bus. Several stories above, SOMEONE climbs out of the duct and clings to the wall. The officers hurry up a set of emergency access stairs. SOMEONE stretches her leg up to a shoulder high ledge. As she climbs, the officers arrive on the rooftop.
COLOMBIANA_DVS497.avi	50	90	She hangs up, runs to the bus, and turns in her ticket.
COLOMBIANA_DVS697.avi	0	0	A data match calculator runs above 13%.
COLOMBIANA_DVS708.avi	0	0	She kisses SOMEONE lustfully, running her fingers through his hair.
COLOMBIANA_DVS763.avi	0	0	She types. Her computer runs the photo through a database.
COLOMBIANA_DVS817.avi	1	17	SOMEONE runs barefoot down the hall, gun in hand.
DEAR_JOHN_DVS181.avi	116	144	He touches SOMEONE's chest. The soldier flings him to the ground. His buddy runs over, and SOMEONE punches him.
DEAR_JOHN_DVS246.avi	66	147	SOMEONE leaves a horse and runs across the front yard to greet SOMEONE.
DEAR_JOHN_DVS307.avi	7	89	She ducks under a dividing rope, and hurries around to the other side. SOMEONE notices her and beams. She runs to him and leaps into his arms.
DEAR_JOHN_DVS456.avi	0	0	SOMEONE thoughtfully runs his thumb over it. Gauging its weight.
DEAR_JOHN_DVS475.avi	0	0	A man runs in front of their Humvee with his arms raised over his head.
DEAR_JOHN_DVS593.avi	0	0	Later, still submerged, the grieving son buries his face in his hands. Then runs his fingers back into his hair, and covers his eyes with his palms.
DINNER_FOR_SCHMUCKS_DVS205.avi	0	0	SOMEONE runs a hand through his hair.
DINNER_FOR_SCHMUCKS_DVS221.avi	0	0	Hefty Martha goes over to SOMEONE who crouches down in front of her and runs his hands all over her.
DISTRICT_9_DVS272.avi	0	0	Looking queasy, SOMEONE runs out, outside.
DISTRICT_9_DVS769.avi	56	98	SOMEONE's arm. SOMEONE looks up to see the robot shooting as it charges over. SOMEONE returns fire, then runs away.
DISTRICT_9_DVS793.avi	34	100	Mercenaries. Elsewhere, SOMEONE runs at a full sprint after another.
EASY_A_DVS38.avi	0	0	Turning to go, she runs into SOMEONE with a snooty friend.
EASY_A_DVS263.avi	120	172	SOMEONE hurries out and runs across the quad into Mr. SOMEONE's classroom.
FLIGHT_DVS29.avi	71	148	People run across the tarmac, as rain lashes the airport.
FLIGHT_DVS66.avi	103	151	SOMEONE gets out of the car, and runs up to the second floor of a small, run-down apartment complex.
FLIGHT_DVS145.avi	0	148	It glides overhead, both engines on fire, and slams down on its side, as people in white robes run for cover.
FLIGHT_DVS363.avi	0	108	As she runs back through a worn fence,
FRIENDS_WITH_BENEFITS_DVS26.avi	32	130	She removes her shoes, climbs up on the conveyer, and runs past suitcases.
FRIENDS_WITH_BENEFITS_DVS73.avi	0	0	Later he enters a sleek apartment, decorated in grays and browns. SOMEONE<Dylan> drops his bags. He steps past a black granite galley kitchen and descends into a sunken living room. A gift basket of bed sheets includes a note, SOMEONE<Dylan>, welcome to NYC. In case you shit the bed. Excuse the expression. Best, SOMEONE<Jamie>. SOMEONE<Dylan> runs to his bed and vaults hard on the mattress, jamming his shoulder. Now at GQ.
FRIENDS_WITH_BENEFITS_DVS200.avi	0	0	The woman runs her fingers through his hair as he ends the call.
GHOST_RIDER_SPIRIT_OF_VENGEANCE_DVS22.avi	20	60	SOMEONE hurdles a low wall and runs to him motorcycle.
GHOST_RIDER_SPIRIT_OF_VENGEANCE_DVS81.avi	121	146	The SUV runs the hatchback off the road and down a rugged slope. SOMEONE staggers across the floor. The SUV rams the hatchback against a wall. SOMEONE's back arches, his eyes two dark hollow pits. In his perch, SOMEONE puts a cigarette in his lips and strikes a match. The flame blazes at a horizontal angle.
GHOST_RIDER_SPIRIT_OF_VENGEANCE_DVS82.avi	115	245	SOMEONE turns then throws the match down. Now he runs towards SOMEONE's garage to find a blazing light moving within. As he approaches the side of the building, a flaming blast erupts from its door. SOMEONE staggers back, shielding his eyes. Recovering, he finds a trail of fire stretching along the ground to a point of light speeding up the road.
GHOST_RIDER_SPIRIT_OF_VENGEANCE_DVS113.avi	0	0	SOMEONE and his brutish henchmen run out beside her, each armed with an enormous rifle. They both fire. The shots send the rider flying. He hits the side of an SUV, caving it in.
GHOST_RIDER_SPIRIT_OF_VENGEANCE_DVS182.avi	132	145	SOMEONE tugs himself free and runs away.
GHOST_RIDER_SPIRIT_OF_VENGEANCE_DVS185.avi	11	45	SOMEONE runs under a bridge along a river.
GHOST_RIDER_SPIRIT_OF_VENGEANCE_DVS415.avi	0	89	He runs down another.
GHOST_RIDER_SPIRIT_OF_VENGEANCE_DVS427.avi	0	0	He runs the backs of his fingers down her cheek then jams his thumb just below her chin, knocking her unconscious. SOMEONE looks on.
GHOST_RIDER_SPIRIT_OF_VENGEANCE_DVS438.avi	0	0	He runs to another and throws him down.
GHOST_RIDER_SPIRIT_OF_VENGEANCE_DVS516.avi	59	89	He reloads then runs up a staircase.
GHOST_RIDER_SPIRIT_OF_VENGEANCE_DVS525.avi	0	0	SOMEONE runs out in the stands.
GHOST_RIDER_SPIRIT_OF_VENGEANCE_DVS527.avi	89	124	SOMEONE turns and looks up, his eyes returning to normal. As he watches SOMEONE shooting his guards and acolytes, SOMEONE runs onto the stage and punches him out.
GHOST_RIDER_SPIRIT_OF_VENGEANCE_DVS528.avi	8	57	SOMEONE runs through the stands shooting more acolytes. He pauses, spreading his arms exultantly. SOMEONE reaches a gloved hand out to SOMEONE.
GHOST_RIDER_SPIRIT_OF_VENGEANCE_DVS549.avi	114	141	SOMEONE bares his gritted teeth. SOMEONE runs up to him, seizes him by the shoulders and spews a jet of fire at him.
GREEN_ZONE_DVS18.avi	0	153	The outside group charges past a donkey cart. In the warehouse, the others run away and take cover beside an exit.
GREEN_ZONE_DVS125.avi	0	60	Three soldiers run to the outer wall.
GREEN_ZONE_DVS309.avi	0	0	Now, in a safe house, he runs upstairs and knocks at a door.
GREEN_ZONE_DVS364.avi	0	0	Outside, SOMEONE and his men advance down an alley. Elsewhere, the Iraqi in street clothes keeps running.
GREEN_ZONE_DVS412.avi	0	0	SOMEONE heads off. Now, SOMEONE runs under a clothesline.
GREEN_ZONE_DVS437.avi	0	97	SOMEONE runs.
GROWN_UPS_DVS15.avi	0	112	The family runs outside. A young girl exits the car.
GROWN_UPS_DVS68.avi	0	35	SOMEONE's son runs up to an arbor.
GROWN_UPS_DVS166.avi	0	58	In slow motion, SOMEONE sprints with wide eyes, his mouth agape, while SOMEONE runs with his hands over his head.
GROWN_UPS_DVS174.avi	0	113	The lanky hero steps on SOMEONE as he runs
GROWN_UPS_DVS182.avi	0	167	SOMEONE runs from the room. SOMEONE turns to SOMEONE who hurries out after her. With a remorseful gaze.
HANSEL_GRETEL_WITCH_HUNTERS_DVS59.avi	0	0	The girl runs to the stool and picks up the knife.
HANSEL_GRETEL_WITCH_HUNTERS_DVS117.avi	0	0	A teenage boy grabs one and runs towards a gathering of townspeople.
HANSEL_GRETEL_WITCH_HUNTERS_DVS135.avi	0	125	As the witch scurries away, he shoots then runs after her in pursuit.
HANSEL_GRETEL_WITCH_HUNTERS_DVS138.avi	15	100	SOMEONE weakens the barrier by shooting at it and then runs through.
HANSEL_GRETEL_WITCH_HUNTERS_DVS244.avi	0	0	SOMEONE runs up behind the witch and a battle ensues.
HANSEL_GRETEL_WITCH_HUNTERS_DVS484.avi	51	93	The spiky-haired witch runs toward the children and uses another witch as a shield to avoid being shot by SOMEONE.
HANSEL_GRETEL_WITCH_HUNTERS_DVS502.avi	0	0	SOMEONE grabs some weapons and runs to join the fray.
HANSEL_GRETEL_WITCH_HUNTERS_DVS528.avi	41	90	SOMEONE runs to Edwards side.
HANSEL_GRETEL_WITCH_HUNTERS_DVS554.avi	0	0	SOMEONE fires at SOMEONE driving her into the pastry house. He runs to SOMEONE's side and turns
HANSEL_GRETEL_WITCH_HUNTERS_DVS559.avi	0	0	The two grapple with each other as SOMEONE comes running up to the clearance.
HANSEL_GRETEL_WITCH_HUNTERS_DVS596.avi	65	104	SOMEONE runs into the house smiling.
HOW_DO_YOU_KNOW_DVS151.avi	0	0	Frowning, SOMEONE runs a hand through her mussed hair.
HOW_DO_YOU_KNOW_DVS295.avi	130	130	Later in the National's training room, SOMEONE holds his phone to his ear as he runs in a pool treadmill.
HOW_DO_YOU_KNOW_DVS390.avi	6	51	He runs in front of an oncoming car.
HUGO_DVS23.avi	58	196	At the bottom, he runs past damp brick walls then scurries through a labyrinth of pipes and machinery.
HUGO_DVS55.avi	80	121	The station inspector removes the leash from his dog, who then runs off. The inspector limps through the crowd after him.
HUGO_DVS57.avi	84	96	The dog skids across the polished floor as he runs up the hallway opposite the toyshop. The boy spins around then takes off into the crowd.
HUGO_DVS58.avi	54	115	Swinging out his unbending left leg as he runs, the inspector follows after them.
HUGO_DVS61.avi	21	62	A woman clutches a small little dog to her chest as the Doberman skids past a large tiered cake, races past the band, then runs out of the other side of the cafe. The station inspector dashes into the cafe.
HUGO_DVS64.avi	59	114	Gripping a SOMEONE club, the inspector runs out the other end of the cafe.
HUGO_DVS69.avi	0	0	His dog paces in a circle. Above them, the boy paces along a narrow catwalk, running across the tracks as a train leaves the station.
HUGO_DVS128.avi	0	0	SOMEONE nods back then turns and runs through the small cemetery.
HUGO_DVS143.avi	0	0	At night, his father runs a finger over a heart-shaped keyhole in the automaton's back.
HUGO_DVS193.avi	119	147	SOMEONE wipes his face with a sooty hand then runs off.
HUGO_DVS258.avi	0	0	The boy tries to run but the dog blocks his retreat. The inspector whips the leash around the boy's ankle.
HUGO_DVS441.avi	0	0	SOMEONE runs his hand across the cover of the top book.
HUGO_DVS676.avi	78	78	SOMEONE runs to the puppeteers.
HUGO_DVS691.avi	53	53	In old film footage, soldiers run out of a trench onto a smoky battlefield.
HUGO_DVS711.avi	0	0	The dogs run over to SOMEONE who tries to shoo them away.
HUGO_DVS721.avi	92	92	Below, SOMEONE runs across the station. The inspector hurries back into his office and slides down a fireman's pole.
HUGO_DVS722.avi	206	206	The Doberman follows the inspector as he chases SOMEONE through the crowd. SOMEONE runs around a corner and slides beneath a staircase. The inspector limps around the corner and stares at the deserted corner.
HUGO_DVS726.avi	62	124	SOMEONE runs down a steamy corridor filled with pipes.
HUGO_DVS729.avi	0	0	A moment later, the inspector runs to the bottom of the stairs and unleashes SOMEONE.
HUGO_DVS803.avi	0	0	onto five telegraph wires running overhead. He takes off his own head and throws it onto the wires where it hovers like a musical note.
IN_TIME_DVS188.avi	95	171	Now, SOMEONE's mother furiously pumps her arms as she runs.
IN_TIME_DVS467.avi	36	85	SOMEONE takes SOMEONE's gloved hand and they run off down the basin.
IN_TIME_DVS523.avi	0	0	He turns on a light over a sink and runs water over his bloody knuckles. SOMEONE looks around.
IN_TIME_DVS556.avi	0	0	She runs her finger over the glowing numbers.
IN_TIME_DVS731.avi	127	180	The run around the corner of a chain link fence and continue behind a solid wall.
IN_TIME_DVS738.avi	35	110	The couple takes off running. SOMEONE hops down from the car and sprints after them with a methodical gait.
IN_TIME_DVS778.avi	0	0	His time runs out.
IN_TIME_DVS908.avi	0	0	SOMEONE runs over as SOMEONE climbs out of the limo.
IN_TIME_DVS922.avi	1	24	From the cruiser, SOMEONE spots the couple running down a road amid rolling grassy hills.
INSIDE_MAN_DVS32.avi	0	0	A narrow eyed man tries to run.
IRON_MAN_2_DVS43.avi	129	169	At night, SOMEONE wearing a red and gold armor-like suit and helmet, stands in the bay of an airplane. As the bay door opens, SOMEONE runs down a ramp and leaps out of the plane. He free-falls toward the city below, then as two small thrusters on his feet flare up, he zooms and spins through the sky.
IRON_MAN_2_DVS180.avi	0	0	SOMEONE turns and knocks the metal from SOMEONE's hand with a whip. SOMEONE falls back onto the ground. SOMEONE strikes the ground with his whips, as SOMEONE rolls out of the way, then spreads his legs as a whip lashes the asphalt inches from his groin. SOMEONE stands and runs. SOMEONE whirls a whip which strikes the ground behind SOMEONE, who leaps onto an overturned race car, then falls onto the road. SOMEONE, with a bloody gash under his left eye, shakes his head.
IRON_MAN_2_DVS237.avi	0	0	SOMEONE enters a stairwell and runs down the stairs. At the bottom, guards open a gate. SOMEONE turns and runs back up the stairs.
IRON_MAN_2_DVS318.avi	0	0	SOMEONE and SOMEONE drop through the ceiling. SOMEONE runs to Pepper.
IRON_MAN_2_DVS325.avi	0	0	The people run off. SOMEONE stands, rips off a countertop, and smashes it against SOMEONE's back.
IRON_MAN_2_DVS514.avi	0	0	A man and a woman run onstage and carry the podium away.
IRON_MAN_2_DVS536.avi	0	0	SOMEONE runs offstage.
IRON_MAN_2_DVS537.avi	0	0	SOMEONE flies out through the opening in the glass roof. SOMEONE and the drones fire their guns at SOMEONE. The glass panels in the roof shatter, showering down on the audience as people run off. SOMEONE types on his computer. Commands pop up on his computer screen: "Deploy, deploy, deploy." Onstage, SOMEONE's thrusters fire up.
IRON_MAN_2_DVS546.avi	161	186	Backstage, SOMEONE runs up to SOMEONE, who holds a telephone. A bespectacled IT man works at a computer.
IRON_MAN_2_DVS557.avi	245	285	The drones on the Expo grounds stand on steps and fire missiles at people as they run away. In his control room at Hammer Industries, the smiling SOMEONE watches the mayhem on two large computer monitors.
IRON_MAN_2_DVS570.avi	201	223	Concrete showers down on running people. An Army drone stomps up to a young child wearing an Iron Man mask. The drone's camera focuses on the mask.
IRON_MAN_2_DVS593.avi	0	0	SOMEONE punches a muscular guard. As the two men fight, SOMEONE enters a second set of doors and runs past another guard. Turning as she slides across the floor, she throws Taser darts at the second guard, who collapses.
IRON_MAN_2_DVS594.avi	0	0	SOMEONE runs down a hallway while SOMEONE exchanges punches with the first guard near the entrance. A third guard steps into the hallway. SOMEONE leaps over a cart and kicks him in the face, knocking him unconscious. She slides between the legs of a fourth approaching guard and punches him in the groin. He falls as a fifth guard appears. SOMEONE jumps over the downed fourth guard and kicks the fifth guard in the head. He also falls and lies motionless. SOMEONE watches on a monitor as SOMEONE runs out of view. At the Expo, Air Force drones follow SOMEONE as he zooms overhead. One drone crashes into a huge video screen mounted on a tower. A drone on the ground fires at SOMEONE, then rockets skyward. SOMEONE types. On his computer screen, the Marine drone status changes from "Engage" to "Deploy." On the arena stage, the Marine drones' thrusters fire as the drones fly straight up. Backstage, the tech types at his computer.
IRON_MAN_2_DVS656.avi	0	0	SOMEONE runs sideways and fires at SOMEONE. SOMEONE leaps out of the way as a drone fires a missile then explodes near SOMEONE.
ITS_COMPLICATED_DVS59.avi	0	0	Alone in an elevator, a smiling couple hurries in as the doors close. SOMEONE watches out of the corner of her eye as the older man whispers in the younger woman's ear. The woman laughs and her lover runs a hand down her back.
ITS_COMPLICATED_DVS347.avi	1	31	He runs out.
JACK_AND_JILL_DVS31.avi	0	0	His sister runs into him with a French horn.
JACK_AND_JILL_DVS155.avi	24	63	The boy runs off with Poopsie taped to his back.
JACK_AND_JILL_DVS184.avi	0	0	She runs up to her room.
JULIE_AND_JULIA_DVS219.avi	1	29	The lid pops into the air, and SOMEONE runs out of the kitchen. SOMEONE hops up as SOMEONE flails her arms and clutches her head. SOMEONE grabs the hot lid from the floor, and covers the pot.
JUST_GO_WITH_IT_DVS104.avi	53	154	A boy holding a soda cup runs out in front of them. He stops and turns. As his pregnant mother catches up, he chucks the full cup at her and runs off.
JUST_GO_WITH_IT_DVS108.avi	176	198	Inside, children run wildly through an elaborate play structure with tunnels, slides, and climbing ropes. SOMEONE enters with SOMEONE and the kids.
JUST_GO_WITH_IT_DVS113.avi	0	0	She runs away.
JUST_GO_WITH_IT_DVS145.avi	38	128	The black-haired pig charges them and they run. SOMEONE knocks SOMEONE down, and the pig steps on his back.
KARATE_KID_DVS208.avi	0	0	The bully advances and beckons SOMEONE, who runs at him. With a crouching-leg sweep, the boy sends him sprawling. The girl bends down toward him, but the shorthaired boy holds her back.
KARATE_KID_DVS211.avi	65	88	SOMEONE runs at the bully, who flips him over his shoulder. He lands hard on his back.
KARATE_KID_DVS218.avi	0	0	Now, the girl wrenches herself free of the other boys, runs to the bully, and yells at him.
KARATE_KID_DVS769.avi	0	0	SOMEONE runs off.
KARATE_KID_DVS946.avi	0	0	They ascend the steep run.
KARATE_KID_DVS969.avi	0	0	Slack-jawed, the boy runs to another window. The female ascetic stands on an ornamental-stone jut over the 1,000-foot drop. As she straightens, the reptile rises to match her.
KARATE_KID_DVS1076.avi	70	165	They run from the school, hand in hand. SOMEONE freezes, spotting a guard at the gate.
KARATE_KID_DVS1081.avi	124	165	She chases him with it. From overhead, we watch numerous umbrellas part to make way for them. Now, they run among jetting-fountain plumes outside the Olympic Stadium. SOMEONE clutches SOMEONE's violin case as she chases him. Later, they gaze at the still water.
KARATE_KID_DVS1101.avi	0	64	Grabbing her violin case, she rushes off. Now, she runs along a sidewalk, with SOMEONE trailing close behind. Reaching a brick pillar, he stops at the sight of a stern man waiting by a black luxury sedan.
KARATE_KID_DVS1110.avi	0	0	The judges turn as SOMEONE and her mother run in.
KARATE_KID_DVS1305.avi	0	0	Now in the rain, SOMEONE runs in place in the thick mud of SOMEONE's courtyard garden.
KARATE_KID_DVS1314.avi	0	0	Now on the rooftop, SOMEONE does chin-ups on a bamboo laundry line. In the courtyard, he spars with SOMEONE, blocking the man's strikes. On another rooftop, he does pull-ups on a corner railing. His body dangles inside the corner as he grips rails above his head. Now, SOMEONE runs laps on the Great Wall. Back in the courtyard, the pupil and teacher continue to spar. SOMEONE plants his hands on SOMEONE's chest and shoves. SOMEONE slides backward.
KARATE_KID_DVS1389.avi	0	0	The official drops the flags and the boys circle each other. SOMEONE's opponent kicks at him, but SOMEONE backs away, running off the mat.
KARATE_KID_DVS1399.avi	1	27	SOMEONE stares up at the video scoreboard, which shows an instant replay of him running from his opponent.
KARATE_KID_DVS1530.avi	0	0	SOMEONE runs out and faces the judges.
KATY_PERRY_PART_OF_ME_DVS139.avi	0	0	SOMEONE runs to her tour bus. Twitter followers: 2 million.
KATY_PERRY_PART_OF_ME_DVS156.avi	68	109	Wearing a wig cap over her hair, SOMEONE runs backstage then sits and talks with Bradford.
KATY_PERRY_PART_OF_ME_DVS179.avi	20	60	A blond girl with large dark rimmed glasses runs off.
KATY_PERRY_PART_OF_ME_DVS228.avi	59	148	SOMEONE runs down a hallway.
KNOCKED_UP_DVS158.avi	0	0	Sadie runs downstairs.
LAND_OF_THE_LOST_DVS242.avi	0	0	SOMEONE stares at the tiny fragments of the broken crystal. He runs to SOMEONE and rips off her necklace.
LIFE_OF_PI_DVS166.avi	20	83	SOMEONE turns and runs but SOMEONE remains still.
LIFE_OF_PI_DVS178.avi	25	56	SOMEONE runs off.
LIFE_OF_PI_DVS426.avi	0	0	Orange Juice scoots back on the bench and shrieks as SOMEONE bounds passed her and runs in circles. The hyena briefly leans over the edge the resumes its wild laps as SOMEONE stands ready with the oar.
LIFE_OF_PI_DVS853.avi	0	0	As SOMEONE writes, the lead runs out on his only pencil.
LIFE_OF_PI_DVS978.avi	0	0	Meerkats run around him as he sits at the edge, reaching one foot down.
MORNING_GLORY_DVS55.avi	71	147	Now dressed in a suit, SOMEONE runs off a bus towards a ferry.
MORNING_GLORY_DVS85.avi	76	145	She runs across a busy road towards IBS.
MORNING_GLORY_DVS163.avi	0	0	SOMEONE runs up steps.
MORNING_GLORY_DVS207.avi	0	0	She grabs her bags and runs out without her skirt on.
MORNING_GLORY_DVS208.avi	0	0	She grabs her bags and runs out without her skirt on. without her skirt on.
MORNING_GLORY_DVS210.avi	31	61	and waits for her to run back.
MORNING_GLORY_DVS215.avi	0	0	As she runs out, a model is being photographed at the entrance.
MORNING_GLORY_DVS216.avi	0	0	She runs out of another cocktail lounge, then another bar just as two guys are thrown out into the street.
MORNING_GLORY_DVS378.avi	12	114	An IBS van pulls up and she runs to it.
MORNING_GLORY_DVS465.avi	19	72	SOMEONE runs through the lobby.
MORNING_GLORY_DVS467.avi	0	49	She runs past a huge golden statue by a fountain.
MORNING_GLORY_DVS475.avi	24	64	SOMEONE runs past the IBS building. Pigeons scatter in her wake.
MORNING_GLORY_DVS476.avi	24	148	SOMEONE runs a spatula around the edge of the saucepan in which he has cooked the frittata.
MORNING_GLORY_DVS499.avi	0	84	In SOMEONE's apartment, SOMEONE runs to the fridge
MR_POPPERS_PENGUINS_DVS171.avi	0	0	The penguin runs off and SOMEONE gives chase.
MR_POPPERS_PENGUINS_DVS174.avi	0	0	As he turns away, two of them run out.
MR_POPPERS_PENGUINS_DVS186.avi	20	64	The other penguins run over.
MR_POPPERS_PENGUINS_DVS192.avi	0	0	They see the sixth bird running into a wall. It stumbles back, then does it two more times.
MR_POPPERS_PENGUINS_DVS211.avi	0	0	Downstairs the penguins run in circles.
MR_POPPERS_PENGUINS_DVS308.avi	0	0	Frightened, the penguins charge the babysitter who runs out of the apartment leaving the front door open.
MR_POPPERS_PENGUINS_DVS632.avi	0	0	Captain flees with a colorful kite strapped to her back which knocks toys off display shelves as she runs past. She escapes into an elevator.
MR_POPPERS_PENGUINS_DVS653.avi	0	0	Mr. SOMEONE bursts in, pretending to run in slow motion.
MR_POPPERS_PENGUINS_DVS701.avi	0	0	Behind them a penguin runs over to Captain and nuzzles with her.
NANNY_MCPHEE_RETURNS_DVS53.avi	5	29	He runs after the others. Now at the shop.
NANNY_MCPHEE_RETURNS_DVS80.avi	36	98	Spinning SOMEONE as they run by.
NANNY_MCPHEE_RETURNS_DVS185.avi	163	195	She bangs her walking stick on the ground, creating sparks. At the tree, the piglet runs up the trunk.
NANNY_MCPHEE_RETURNS_DVS215.avi	157	290	SOMEONE and SOMEONE hold the veil between them. Under the branch, the piglets barrel down the road toward them. SOMEONE runs after them, driving them along, holding his safari hat in place with one hand.
NANNY_MCPHEE_RETURNS_DVS337.avi	14	67	They start to run.
NANNY_MCPHEE_RETURNS_DVS473.avi	1	100	SOMEONE and the kids run off.
NANNY_MCPHEE_RETURNS_DVS477.avi	24	112	Leaving the woods, SOMEONE rounds a turn, stops running and stares. She steps forward. Her eyes wide.
NANNY_MCPHEE_RETURNS_DVS480.avi	131	175	He drops a duffle bag. With one arm in a sling, he raises the other in a wave and runs forward.
NO_STRINGS_ATTACHED_DVS55.avi	0	0	Two boys run down the stairs.
NO_STRINGS_ATTACHED_DVS100.avi	2	32	SOMEONE raises his brows and Vanessa runs off.
NO_STRINGS_ATTACHED_DVS214.avi	0	0	In the operating theater SOMEONE lies on the operating table. SOMEONE shines a light on his naked body and runs her finger along his leg.
NO_STRINGS_ATTACHED_DVS216.avi	80	118	In a park near the water, SOMEONE and SOMEONE have a barbecue with some of their friends. SOMEONE throws a Frisbee to SOMEONE and runs at her.
NO_STRINGS_ATTACHED_DVS330.avi	3	88	At the hospital, SOMEONE runs to SOMEONE who's with Dr. SOMEONE.
NO_STRINGS_ATTACHED_DVS388.avi	91	121	the guard runs over to them he breaks them up a second time.
NO_STRINGS_ATTACHED_DVS553.avi	0	0	A guy runs up, stops the door with his briefcase, and gets in. He's followed by several more people.
PARENTAL_GUIDANCE_DVS72.avi	0	0	He runs and looks back.
PARENTAL_GUIDANCE_DVS84.avi	0	0	He runs off.
PARENTAL_GUIDANCE_DVS213.avi	0	0	SOMEONE runs to the bathroom mirror.
PARENTAL_GUIDANCE_DVS229.avi	0	0	Behind his back, SOMEONE runs off.
PARENTAL_GUIDANCE_DVS239.avi	0	0	SOMEONE glances at his upraised hand, then sets SOMEONE on his feet. The boy runs to SOMEONE.
PERCY_JACKSON_LIGHTENING_THIEF_DVS135.avi	165	197	SOMEONE starts to run away but the soldier jumps out and strikes at him. SOMEONE falls back and kicks him away.
PERCY_JACKSON_LIGHTENING_THIEF_DVS258.avi	0	0	SOMEONE bashes the heads with his shield, then runs out brandishing his sword. His sneakers lift him into the air where he continues his assault.
PERCY_JACKSON_LIGHTENING_THIEF_DVS266.avi	0	0	As SOMEONE runs in the opposite direction, one of the heads spots him.
PERCY_JACKSON_LIGHTENING_THIEF_DVS312.avi	18	134	SOMEONE leads SOMEONE off. SOMEONE holds his crutches out as he runs separately. A group of guards surround him.
PERCY_JACKSON_LIGHTENING_THIEF_DVS313.avi	0	0	SOMEONE kicks a guard with both feet then fights off two more with his crutches. As they run into the gaming area, SOMEONE shoulder checks a casino worker. SOMEONE grabs a pool queue and swings it like a staff. She takes down a guard. SOMEONE leaps on to the roulette table, fights off two casino workers and grabs the pearl.
PROMETHEUS_DVS357.avi	0	0	SOMEONE runs his finger along a few of the lines and presses the engraved dots.
PROMETHEUS_DVS365.avi	0	0	The team runs after the giant ghostly figures.
PROMETHEUS_DVS730.avi	0	0	He runs a scan of her abdomen.
PROMETHEUS_DVS809.avi	0	0	The mutant falls back and the guys run over him with the transport.
PROMETHEUS_DVS901.avi	0	0	He strikes the aide, flings him into a wall across the chamber, then spots SOMEONE running away, but lets her go.
PROMETHEUS_DVS932.avi	0	0	She rises to her feet, standing beside one of the erupting plumes. She runs for SOMEONE, but the ground fissures, threatening to cut her off from the ship.
PROMETHEUS_DVS971.avi	0	0	As SOMEONE keeps running, SOMEONE looks up at the looming mass, then rolls out of its way.
PUBLIC_ENEMIES_DVS31.avi	0	0	He reaches for the younger inmate's gun. The younger inmate shoots him, which captures the rest of the room's attention. Outside, SOMEONE<Red> walks backward 20 yards from the gate. Inside, the criminals run out, leaving their hostages behind.
PUBLIC_ENEMIES_DVS50.avi	220	387	Now, a man in a blue suit hurries through lush green woods with a SOMEONE<Tommy> gun. He trips, then climbs to his feet and runs on. A clean-cut man wearing suspenders swiftly moves after him toting a rifle. A group of armed lawmen follow behind, charging up a hill.
PUBLIC_ENEMIES_DVS52.avi	1	45	Flyod runs backwards firing wildly.
PUBLIC_ENEMIES_DVS53.avi	80	117	The lawman's shot misses and Floyd runs off.
PUBLIC_ENEMIES_DVS85.avi	7	72	And run across the street toward the bank.
PUBLIC_ENEMIES_DVS96.avi	0	0	Two hostages run off. SOMEONE<Dillinger> notices his young hostage shivering. He wraps his overcoat around her and guides her into the backseat. SOMEONE<Red> drives off.
PUBLIC_ENEMIES_DVS208.avi	112	158	SOMEONE<Purvis> hurries downstairs. Rushing from the building, he runs across the street to Agent SOMEONE<Baum>.
PUBLIC_ENEMIES_DVS259.avi	0	0	She runs her toes along a soap dish.
PUBLIC_ENEMIES_DVS261.avi	0	0	Handcuffs and SOMEONE<Billie> runs out wearing a towel.
PUBLIC_ENEMIES_DVS473.avi	128	188	SOMEONE<Winstead> lies low behind a tree. Now in slow motion, the criminals run along the misty overlook with SOMEONE<Red> leading the way. Agent Hurt opens fire from uphill.
PUBLIC_ENEMIES_DVS480.avi	0	0	Baby Face tosses SOMEONE's<Baum's> SOMEONE<Tommy> gun onto the front seat and gets behind the wheel. Now, SOMEONE<Purvis> comes running through the forest. As SOMEONE's<Baum's> car drives off, SOMEONE<Purvis> finds his fallen partner.
PUBLIC_ENEMIES_DVS568.avi	0	0	Agents run up a stairwell. Standing outside an apartment door, one shoots the top and bottom hinges.
ROBIN_HOOD_DVS22.avi	12	50	He defiantly tips his head back, then runs out the gate.
ROBIN_HOOD_DVS134.avi	0	0	SOMEONE frowns. In a hazy flashback, a tow headed boy runs into a crowd.
ROBIN_HOOD_DVS185.avi	98	163	She turns toward the forest and sees a group of bare chested boys running away.
ROBIN_HOOD_DVS214.avi	0	0	He sees more boys running through the trees.
ROBIN_HOOD_DVS365.avi	0	0	Now, the orphans of the wood jog through a nearby field. They hide behind a short rise and spy on the village festivities. One dirt smeared adolescent, gripping a pole arm, eyes the village with a jealous longing pout. More armed boys run past. Later, in SOMEONE's bed chamber, two mice forage a table of picked over food. One mouse madly cycles his hind legs to climb up into a footed bowl.
ROBIN_HOOD_DVS511.avi	0	0	Now, in London. King SOMEONE hold his hand as they walk side by side into the towers outer courtyard. They approach two thrones on a canopied platform. At the front of the crowd, SOMEONE and Queen SOMEONE bow as the young couple passes. SOMEONE occupies one throne while King SOMEONE stands in front of his and reads the charter. As he runs a finger down the document, SOMEONE and Queen SOMEONE watch tensely.
RUBY_SPARKS_DVS28.avi	1	1	A dark-haired man runs beside him.
RUBY_SPARKS_DVS115.avi	0	0	He opens the drawer, stashing the mysterious woman's items then gently runs his fingertips over them.
RUBY_SPARKS_DVS136.avi	0	0	He runs through the house.
RUBY_SPARKS_DVS142.avi	0	0	He runs upstairs and into his office.
RUBY_SPARKS_DVS192.avi	12	97	She runs off.
RUBY_SPARKS_DVS216.avi	60	83	As he nuzzles her between her breasts, she blissfully sweeps her arms past her head. Later, SOMEONE runs up to him and leaps into his arms.
RUBY_SPARKS_DVS305.avi	1	57	They run across the beach together then pace to the opposite ends of a long drift wood log.
RUBY_SPARKS_DVS378.avi	0	0	The little dog runs up to her.
RUBY_SPARKS_DVS488.avi	0	0	SOMEONE runs into a blonde young woman as she steps out of the bathroom.
RUBY_SPARKS_DVS671.avi	37	100	The unleashed dog runs off.
RUBY_SPARKS_DVS672.avi	1	35	SOMEONE runs after him.
SALT_DVS157.avi	53	88	SOMEONE runs over and she pats him.
SALT_DVS217.avi	0	0	Spies the pursuing SUV then runs off between two lanes of unmoving cars.
SALT_DVS282.avi	16	77	He back down. His partner attacks once more but SOMEONE kicks him unconscious and runs off with his gun. Now Matveyev takes the podium. In a stairwell, SOMEONE dashes up several flights.
SALT_DVS403.avi	0	0	The security agent runs a detection wand over him then lets him through.
SALT_DVS434.avi	0	0	In the shaft, SOMEONE sees two parallel rails running down a wall. Squeezing between them, she slides down like an elevator on its tracks. In the bunker corridor.
SNOW_FLOWER_FD_DVS204.avi	0	0	Hobbling forward, the little girl tries to run outside.
SNOW_FLOWER_FD_DVS603.avi	21	82	SOMEONE runs in through a gate.
SNOW_FLOWER_FD_DVS964.avi	0	0	SOMEONE runs after her husband. SOMEONE follows.
SNOW_FLOWER_FD_DVS1410.avi	0	0	As a tear runs down SOMEONE's cheek,
SORCERERS_APPRENTICE_DVS169.avi	0	0	SOMEONE bolts. SOMEONE runs his curled nails over a dragon-shaped buckle on his belt. It starts to move. Meanwhile, the dragon puppet in the parade.
SORCERERS_APPRENTICE_DVS310.avi	0	0	Wearing a plain-white shirt, he runs an electric toothbrush down his tongue.
SOUL_SURFER_DVS51.avi	1	67	Now they run over to a red pick up.
SOUL_SURFER_DVS181.avi	9	80	SOMEONE calls after SOMEONE as she runs toward the house. SOMEONE hurries after her.
SPARKLE_2012_DVS228.avi	0	0	She runs her hands up and down the mic stand.
SPARKLE_2012_DVS232.avi	0	0	Sister runs her hand up her arm.
SPARKLE_2012_DVS507.avi	0	0	She wipes a tear running down the bridge of SOMEONE's<Sparkle's> nose.
SUPER_8_DVS27.avi	0	0	The man walks to a house's, his front door, glances over his shoulder at SOMEONE, then runs his fingers through his hair.
SUPER_8_DVS94.avi	49	89	SOMEONE runs to the edge of the platform and peers toward a train approaching in the distance.
SUPER_8_DVS116.avi	0	0	SOMEONE turns to run but a massive explosion knocks him to the ground.
SUPER_8_DVS125.avi	0	0	Lying on its side the camera continues to run.
SUPER_8_DVS153.avi	0	0	As SOMEONE runs to the car SOMEONE and SOMEONE retrieve the camera and other equipment. SOMEONE grabs his makeup kit.
SUPER_8_DVS173.avi	1	123	SOMEONE runs across the street to SOMEONE's house.
SUPER_8_DVS229.avi	0	0	SOMEONE and SOMEONE slap hands then run off together.
SUPER_8_DVS294.avi	0	0	A tear runs down SOMEONE's cheek.
SUPER_8_DVS306.avi	0	0	SOMEONE turns and runs.
SUPER_8_DVS353.avi	0	0	SOMEONE runs outside, grabs her bike, and takes off down the dark street.
SUPER_8_DVS369.avi	1	39	He runs back to SOMEONE's bike which lies on the pavement.
SUPER_8_DVS381.avi	0	0	SOMEONE stares at SOMEONE then runs and grabs the reel of film off the projector.
SUPER_8_DVS401.avi	41	114	Later, wearing the soldier's uniform SOMEONE runs through the building and approaches a window.
SUPER_8_DVS405.avi	0	0	While soldiers scramble, SOMEONE runs outside and steps into a military truck.
SUPER_8_DVS412.avi	0	0	Toting a tire iron the boys run across the parking lot and climb over a tall chain-link fence.
SUPER_8_DVS487.avi	0	0	SOMEONE and SOMEONE pull SOMEONE up through the window. The boys run alongside of the bus.
SUPER_8_DVS491.avi	0	0	SOMEONE backs up toward the holding cell door, he shakes the rifle as it runs out of ammunition.
SUPER_8_DVS494.avi	0	0	Outside, the boys watches the creature climbs out of the bus and runs off.
SUPER_8_DVS507.avi	72	105	A missile explodes nearby. A few blocks away, the boys run past houses and across more lawns.
SUPER_8_DVS510.avi	0	0	As they run through a back gate they stop as an exploding tank tumbles across the ground toward them.
SUPER_8_DVS511.avi	44	119	The boys change direction, soldiers run down the street past a large two-story houses as missiles zoom around them.
SUPER_8_DVS513.avi	0	0	The boys rush into the house and run upstairs.
SUPER_8_DVS521.avi	0	0	SOMEONE runs over.
SUPER_8_DVS524.avi	0	0	Across town, they run into the cemetery and over to the caretaker's shed which has several sets of doors.
SUPER_8_DVS552.avi	0	0	Carrying a lit sparkler SOMEONE runs into another tunnel.
SUPER_8_DVS556.avi	0	0	SOMEONE runs around to the other side of the chamber and watches the creature.
SUPER_8_DVS561.avi	0	0	He lights the fuse on a chain of fireworks, grabs his backpack, and runs off.
SUPER_8_DVS565.avi	0	0	SOMEONE runs over to SOMEONE and shakes her.
SUPER_8_DVS579.avi	0	0	SOMEONE runs out of a side tunnel.
SUPER_8_DVS581.avi	0	0	SOMEONE turns and runs.
SUPER_8_DVS601.avi	0	0	Later above ground, the children run along a street into the center of town.
THE_ADVENTURES_OF_TINTIN_DVS49.avi	0	0	Snowy runs up to the young man.
THE_ADVENTURES_OF_TINTIN_DVS53.avi	1	33	The man runs up to them.
THE_ADVENTURES_OF_TINTIN_DVS69.avi	10	49	Snowy lunges at the cat who flees through SOMEONE's apartment. The cat bounces of the chair, swings around the chandelier, then lands on SOMEONE's face. The cat jumps onto a table, climbs up a curtain, and knocks over a vase as it runs along a shelf.
THE_ADVENTURES_OF_TINTIN_DVS88.avi	0	0	Snowy runs to a nearby gap in the brick wall.
THE_ADVENTURES_OF_TINTIN_DVS91.avi	106	131	As Snowy wanders off SOMEONE turns and shines his flashlight onto a snarling Rottweiler. He runs into the wooded property as the large guard dog chases him.
THE_ADVENTURES_OF_TINTIN_DVS143.avi	128	128	The goateed pickpocket steals the inspector's wallet and runs off dragging him by the elastic cord.
THE_ADVENTURES_OF_TINTIN_DVS144.avi	70	121	The wallet snaps back and smacks him in the face. The other inspector grabs the thief's coat, but runs into a lamp post.
THE_ADVENTURES_OF_TINTIN_DVS148.avi	1	38	SOMEONE runs into the road as a car emerges from the mist, narrowly missing him.
THE_ADVENTURES_OF_TINTIN_DVS155.avi	41	41	Snowy bounds upstairs and runs into SOMEONE's apartment.
THE_ADVENTURES_OF_TINTIN_DVS199.avi	0	0	Outside the thugs light the dynamite's fuse then run for cover.
THE_ADVENTURES_OF_TINTIN_DVS283.avi	0	0	As the helmsman spins the ship's wheel, SOMEONE runs onto the deck and shoots a flare into the night sky.
THE_ADVENTURES_OF_TINTIN_DVS417.avi	28	103	Sir SOMEONE runs along a horizontal mast, cuts a rope, then swings past
THE_ADVENTURES_OF_TINTIN_DVS480.avi	0	0	Sir SOMEONE runs his sword through Red SOMEONE, then backhands him in his face.
THE_ADVENTURES_OF_TINTIN_DVS556.avi	44	66	SOMEONE stumbles out of the audience, runs to a banquet table then yanks off the table cloth.
THE_ADVENTURES_OF_TINTIN_DVS572.avi	0	0	Lines run through the words bulletproof and never break.
THE_ADVENTURES_OF_TINTIN_DVS577.avi	0	0	SOMEONE runs in waving his arms.
THE_ADVENTURES_OF_TINTIN_DVS632.avi	0	0	SOMEONE runs to the edge of the SOMEONE and glares at SOMEONE.
THE_ADVENTURES_OF_TINTIN_DVS685.avi	54	72	SOMEONE pulls his sword out of his cane. SOMEONE runs up to him and swings the metal bar.
THE_ART_OF_GETTING_BY_DVS265.avi	0	0	One elbow on the bar, SOMEONE runs a hand through his wavy hair. He props his head on it and gazes at SOMEONE with wistful eyes. He offers a restrained smile.
THE_ART_OF_GETTING_BY_DVS292.avi	84	120	The troubled teen runs out.
THE_ART_OF_GETTING_BY_DVS303.avi	0	0	SOMEONE runs out after him.
THE_BIG_YEAR_DVS69.avi	31	63	SOMEONE runs to the back of the house.
THE_BIG_YEAR_DVS72.avi	1	43	SOMEONE runs back to his car, his tally ticking to 159. The woman gives SOMEONE the key.
THE_BIG_YEAR_DVS148.avi	85	193	He tosses her onto the bed and runs out. As he climbs into his car, SOMEONE glares down from an open patch in a wall.
THE_BIG_YEAR_DVS171.avi	1	57	He runs off.
THE_BIG_YEAR_DVS174.avi	66	133	He runs off. SOMEONE and SOMEONE arrive a moment later.
THE_BIG_YEAR_DVS238.avi	95	134	SOMEONE's eyes widen. SOMEONE runs for the plane.
THE_BIG_YEAR_DVS269.avi	46	58	A rat runs along a shelf by the headboard. SOMEONE springs up and hits his head on the top bunk.
THE_BIG_YEAR_DVS525.avi	139	243	He hurriedly doubles back. Silhouetted against the snowy woods, he runs back to where he left his father. Looking around, he finds no sign of him. SOMEONE's expression grows frantic and he rushes further down the path. He stops periodically to scan the area for his father, then plunges onward. SOMEONE's searching eyes glisten.
THE_BIG_YEAR_DVS587.avi	0	0	SOMEONE joyfully runs to him. SOMEONE scoops her up in his arms and spins her around in a warm embrace.
THE_BOUNTY_HUNTER_DVS126.avi	84	118	A race starts and SOMEONE<Nicole> runs too.
THE_BOUNTY_HUNTER_DVS131.avi	148	185	She runs off the other way. We glimpse the racing horses' legs, SOMEONE's<Nicole's> high heels, and SOMEONE's<Milo's> sneakered feet. At a concession stand, he cuts SOMEONE<Nicole> off and offers popcorn.
THE_BOUNTY_HUNTER_DVS462.avi	0	0	She runs a hand down her thigh then pats it.
THE_BOUNTY_HUNTER_DVS510.avi	0	0	As SOMEONE<Milo> tosses bills to patrons and employees, the thugs try to grab the cash from their hands. SOMEONE<Milo> empties the garbage bag on a pool table then runs onstage with more money.
THE_CALL_DVS218.avi	0	0	Meanwhile, SOMEONE dumps a prescription pill into her hand by a running bathroom faucet.
THE_CALL_DVS508.avi	0	0	He aims the screw driver at her eye then runs his fingers along her paint-stained hair.
THE_CALL_DVS797.avi	0	0	SOMEONE runs a search.
THE_CALL_DVS1096.avi	0	0	SOMEONE runs to SOMEONE and looks over the shirtless and bruised captive.
THE_CALL_DVS1111.avi	0	0	She sees a deep gash running from between his eyebrows down his right cheek.
THE_DESCENDANTS_DVS91.avi	0	0	SOMEONE<Scottie> runs out. SOMEONE<Matt> glares at Troy.
THE_DESCENDANTS_DVS383.avi	0	0	SOMEONE<Scottie> runs out on a grassy ridge past the corner of an old stone foundation.
THE_DESCENDANTS_DVS460.avi	1	112	SOMEONE<Matt> pauses, watching him run toward a gate-like gap in the greenery.
THE_GIRL_WITH_THE_DRAGON_TATTOO_DVS64.avi	0	0	The journalist runs across the street to a building. A sign near its entrance reads Millennium.
THE_GIRL_WITH_THE_DRAGON_TATTOO_DVS84.avi	0	0	A cigarette dangles from her lips. As she runs the bowl under a tap.
THE_GIRL_WITH_THE_DRAGON_TATTOO_DVS93.avi	0	0	Returning with her steaming noodles, SOMEONE runs a Google search on Wennerstrom.
THE_GIRL_WITH_THE_DRAGON_TATTOO_DVS662.avi	30	171	SOMEONE runs to the tree-lined road and an SUV slows to a stop.
THE_GIRL_WITH_THE_DRAGON_TATTOO_DVS1185.avi	0	0	His jaw misaligned, SOMEONE struggles to his feet and runs out.
THE_GIRL_WITH_THE_DRAGON_TATTOO_DVS1187.avi	0	0	SOMEONE runs through a corridor. SOMEONE grabs the gun.
THE_GIRL_WITH_THE_DRAGON_TATTOO_DVS1188.avi	0	0	SOMEONE runs upstairs.
THE_GIRL_WITH_THE_DRAGON_TATTOO_DVS1190.avi	36	96	Leaving him behind, she runs out the door through the corridor and up the darkened steps.
THE_GUILT_TRIP_DVS281.avi	112	171	And a boy runs before his mom, guiding her as they both haul their luggage.
THE_ROOMMATE_DVS126.avi	0	0	In her shower stall, SOMEONE runs a hand down her soaked hair. Glistening trails of water glide down her smooth back. She soaps her hands, then washes her stomach. A belly ring shimmers on her navel. As she rubs suds on her wet abdomen, the lights in the bathroom suddenly turn off. She pulls back the shower curtain.
THE_ROOMMATE_DVS158.avi	0	0	SOMEONE runs his finger along a row of books, examining their spines. SOMEONE stalks him closely.
THE_ROOMMATE_DVS197.avi	41	71	Cuddles scurries out to the hall. SOMEONE runs after her. The RA picks up the kitten.
THE_ROOMMATE_DVS295.avi	0	0	woman scowls resentfully at the phone, then eyes her roommate. Now back at the dorm, SOMEONE takes out her ear buds as she walks down the hall in exercise clothes and running shoes. She arrives at her room, sweat glistening on her face and throat. SOMEONE faces her displayed drawings.
THE_ROOMMATE_DVS312.avi	0	0	She smiles, and he runs away.
THE_SITTER_DVS83.avi	23	46	the car and runs away.
THE_SITTER_DVS84.avi	1	15	SOMEONE runs to a railing and frantically peers over the edge.
THE_SOCIAL_NETWORK_DVS112.avi	14	124	He high steps through the thick snow on the ground and runs onward.
THE_SOCIAL_NETWORK_DVS299.avi	0	0	The first cop shines his light on SOMEONE, who turns away and runs a hand over his hair. At Facebook headquarters, SOMEONE slumps at his desk.
THE_VOW_DVS201.avi	18	76	Meanwhile, SOMEONE runs through the hospital.
THE_VOW_DVS478.avi	1	93	SOMEONE runs into the water up to her ankles and bids a hasty retreat.
THE_VOW_DVS480.avi	1	29	Joining hands they run further out into the glistening lake.
THE_WATCH_DVS35.avi	0	0	In the movie, a young woman in a blue swimsuit runs her hand through her long hair.
THE_WATCH_DVS52.avi	1	82	He runs out of ammo and ditches his gun, then knocks over a display of plastic bottles.
THE_WATCH_DVS159.avi	33	76	SOMEONE pins him down as the rest of the guys run over.
THE_WATCH_DVS319.avi	97	97	Now, SOMEONE runs alone down a neighborhood street. Mrs. SOMEONE sprays him in the face.
THE_WATCH_DVS322.avi	85	85	Now, he runs in place at an intersection, checking his pulse.
THE_WATCH_DVS359.avi	27	70	He runs toward his truck and yells.
THE_WATCH_DVS388.avi	35	53	Chelsea runs to her dad as the whole party watches.
THE_WATCH_DVS520.avi	59	128	As they run through the store, the alien reaches through the grate.
THE_WATCH_DVS543.avi	37	103	She runs out from behind the police car and embraces her husband.
THINK_LIKE_A_MAN_DVS326.avi	0	0	He kisses her, then runs his tongue along her knee.
THINK_LIKE_A_MAN_DVS369.avi	0	0	With a dejected look, she opens it and reads, SOMEONE, ran out for breakfast. Be right back. SOMEONE.
THIS_MEANS_WAR_DVS22.avi	153	176	SOMEONE shoots three guards as he runs to the helipad. At the chopper, SOMEONE passes his brother a backpack. Leaping in from the opposite side, SOMEONE swings from the door and kicks SOMEONE back. The briefcase of money opens as it hits the ground. The rugged brother slams Tucks against the chopper. But SOMEONE blocks his strikes and punches him in the face. As SOMEONE throws SOMEONE down, the older brother kicks him.
THIS_MEANS_WAR_DVS232.avi	1	76	As he runs through a doorway, a bald man tosses SOMEONE a shotgun then attacks SOMEONE.
THIS_MEANS_WAR_DVS511.avi	163	201	As SOMEONE charges, SOMEONE swings his leg over the bigger boy's arm and flips him to the mat. He runs proudly to SOMEONE.
THOR_DVS82.avi	91	134	Three frost giants run up the corridor to the translucent box, which contains a swirling orb of glowing blue mist.
THOR_DVS168.avi	0	0	SOMEONE retreats a few steps, then runs forward and slides through the giantâ€™s legs.
THOR_DVS316.avi	94	134	SOMEONE runs back to her lab now overrun with men in black suits.
THOR_DVS364.avi	105	161	SOMEONE looks up at the night sky and grins. He runs into a tunneled plastic sheathing leading to the crater's center.
THOR_DVS372.avi	30	56	The man runs outside and climbs into a basket dangling at the end of a crane.
THOR_DVS502.avi	0	0	SOMEONE runs into the diner.
THOR_DVS504.avi	11	35	As a woman and a child run across the street an explosion rips through a nearby building.
THOR_DVS523.avi	58	104	Balls of fire shoot out of the diner's windows. Broken glass pelts SOMEONE, SOMEONE and SOMEONE as they run.
THOR_DVS542.avi	55	55	SOMEONE runs to his side.
THOR_DVS558.avi	58	99	SOMEONE runs to SOMEONE.
THOR_DVS589.avi	0	0	A hairline crack runs through the ice.
THOR_DVS664.avi	0	0	Behind SOMEONE, SOMEONE stands and runs at his brother with his spear in his hands.
TITANIC_1_DVS37.avi	0	0	SOMEONE and SOMEONE stare at each other, as SOMEONE sits in a desk chair. On the bridge, Bride runs up to SOMEONE.
TITANIC_1_DVS76.avi	0	0	SOMEONE spits in SOMEONE's face and runs off.
TITANIC_1_DVS85.avi	48	97	SOMEONE runs to him.
TITANIC_1_DVS89.avi	155	215	SOMEONE climbs up the water pipe near the ceiling and bangs the handcuffs against the pipe. Elsewhere, SOMEONE bumps into a SOMEONE as she runs to an elevator.
TITANIC_1_DVS115.avi	35	35	She climbs upstairs to the D-deck and runs down hallways.
TITANIC_1_DVS116.avi	0	0	A mustached man runs toward SOMEONE.
TITANIC_1_DVS117.avi	0	0	The man runs away. SOMEONE gazes down the empty corridor.
TITANIC_1_DVS127.avi	38	104	She grabs the ax and runs toward the E-deck stairs. On the bridge, SOMEONE leans over the railing and gazes down at the flooding bow and front well deck.
TITANIC_1_DVS133.avi	0	0	With her free hand, she grasps along pipe running along the ceiling, propelling herself down the hallway.
TITANIC_1_DVS169.avi	0	0	SOMEONE glowers and points to the SOMEONE then runs downstairs.
TITANIC_1_DVS173.avi	141	233	SOMEONE opens his jacket revealing a handgun in a shoulder holster. SOMEONE closes the safe, locks it, and walks out. Elsewhere, SOMEONE and the others run along a crowded corridor then stop.
TITANIC_1_DVS197.avi	1	38	They run to the side of the ship.
TITANIC_1_DVS199.avi	27	104	SOMEONE, SOMEONE, and the others run toward the bow. Meanwhile as the band plays on deck, a passenger bumps into one of the violinists.
TITANIC_1_DVS235.avi	0	0	SOMEONE looks around herself then up at the ropes running through the pulleys.
TITANIC_1_DVS247.avi	1	45	SOMEONE runs along the deck.
TITANIC_1_DVS248.avi	64	139	SOMEONE turns then runs along the main deck pass passengers and crewmembers.
TITANIC_1_DVS249.avi	1	83	SOMEONE runs along the lower deck.
TITANIC_1_DVS250.avi	1	31	SOMEONE rushes inside then runs down the grand staircase.
TITANIC_1_DVS251.avi	1	35	At the bottom of the stairs, SOMEONE runs into his arms. They embrace.
TITANIC_1_DVS256.avi	0	0	As they step away from the railing, SOMEONE grabs SOMEONE's gun from its holster then runs toward the stairs.
TITANIC_1_DVS259.avi	1	22	SOMEONE steps on a piece of broken banister and falls. He stands, picks up the gun, and runs after them.
TITANIC_1_DVS263.avi	1	25	SOMEONE runs into the water.
TITANIC_1_DVS270.avi	71	117	They turn then run down more stairs. Stopping SOMEONE presses his finger to his mouth.
TITANIC_1_DVS274.avi	45	77	They run toward the boy. Sparks shoot from an overhead pipe. SOMEONE picks up the boy then watches as water shoots in from cracks around the door.
TITANIC_1_DVS275.avi	44	86	They turn and run back up the passageway. They stop as water rushes into the passageway ahead of them.
TITANIC_1_DVS276.avi	1	17	As they run in the opposite direction, a man - the boy's father - steps into the hall. The man grabs the boy from SOMEONE then knocks SOMEONE against the wall.
TITANIC_1_DVS277.avi	111	148	The man runs off with the boy and SOMEONE and SOMEONE run after him.
TITANIC_1_DVS280.avi	1	148	A huge torrent of water rushes after them as they run down the passageway.
TITANIC_1_DVS290.avi	10	78	As SOMEONE runs pass them.
TITANIC_1_DVS305.avi	41	123	On deck, people run through knee high water.
TITANIC_1_DVS309.avi	70	148	SOMEONE runs through a doorway, a man knocks him into a running crowd.
TITANIC_1_DVS310.avi	14	76	SOMEONE turns and runs with the others then stops.
TITANIC_1_DVS324.avi	0	0	SOMEONE turns then runs through the crowd.
TITANIC_1_DVS338.avi	0	0	Captain SOMEONE stares at her then turns and steps away. A man with a life belt runs up to the captain.
TITANIC_1_DVS342.avi	0	0	Carrying their instruments, three of the quartet members walk away as people run past.
TITANIC_1_DVS357.avi	0	0	On deck, people run past the band.
TITANIC_1_DVS374.avi	0	0	Others run up the deck from the approaching water.
TITANIC_1_DVS381.avi	0	0	All along the sinking ship, people struggle to hang on to railings or pull themselves onto pieces of floating SOMEONE. Several people run toward the back end of the Titanic, which is now tilted up at a slight angle.
TITANIC_1_DVS446.avi	0	0	Sheets of water glimmer in the moonlight as they run down the exposed hull, which rises up from the ocean like a tower.
TITANIC_2_DVS31.avi	0	0	They pass alongside upper balconies running down the side of the ship.
TITANIC_2_DVS124.avi	0	0	A health inspector runs a comb through a man's dark hair and beard.
TITANIC_2_DVS139.avi	0	0	SOMEONE quickly sweeps the winnings into SOMEONE's cap. Later, the two young men run along the dock.
TITANIC_2_DVS207.avi	58	174	Wearing a ruby-colored evening gown, SOMEONE shoves past other passengers as she runs down a deck.
TITANIC_2_DVS210.avi	10	121	He sits up as SOMEONE runs past.
TITANIC_2_DVS211.avi	1	36	Tears streaming down her face, SOMEONE runs onto the poop deck at the rear of the ship.
TITANIC_2_DVS235.avi	30	71	Three nearby sailors turn and run toward SOMEONE.
TITANIC_2_DVS237.avi	43	106	The sailors run onto the poop deck as SOMEONE wraps his arms around SOMEONE's torso and lifts her back over the railing.
TITANIC_2_DVS239.avi	13	51	The sailors run up to them.
TITANIC_2_DVS605.avi	0	0	Naked, SOMEONE runs her fingertips over her own thigh.
TITANIC_2_DVS616.avi	0	0	He runs his charcoal across the paper, creating faint arcs.
TITANIC_2_DVS658.avi	12	49	SOMEONE runs up to the elevator and slams his hands against the grate.
TITANIC_2_DVS662.avi	1	63	The elevator opens and SOMEONE and SOMEONE spill out, almost running into a SOMEONE.
TITANIC_2_DVS663.avi	41	76	SOMEONE runs down a staircase as SOMEONE and SOMEONE scramble from the bottom of a different staircase.
TITANIC_2_DVS665.avi	0	0	SOMEONE runs up to the elevator, then scans the area around himself.
TITANIC_2_DVS672.avi	35	114	One man turns to watch them run past. SOMEONE and SOMEONE run through drifting smoke.
TITANIC_2_DVS721.avi	47	94	Moody hangs up and turns to SOMEONE as he runs to the bridge door.
TITANIC_2_DVS739.avi	0	0	The ship's bow shifts to the left of the iceberg. At the bow railing, a man runs toward the bridge.
TITANIC_2_DVS747.avi	0	0	SOMEONE runs to the starboard railing and watches as the back of the ship moves alongside the iceberg. SOMEONE runs to the bridge and moves a lever which closes the hydraulic watertight doors in the engine room.
TITANIC_2_DVS749.avi	0	0	Workers run through the rising water and crawl under the lowering doors.
TITANIC_2_DVS764.avi	19	65	SOMEONE, SOMEONE, and others follow running rats down a hallway.
TOOTH_FAIRY_DVS306.avi	72	85	The tabby shoots upward then runs off.
TOOTH_FAIRY_DVS517.avi	0	0	Later outside, SOMEONE runs up to a tall concrete fence, hooks his hockey stick over the top, and vaults over it.
TOOTH_FAIRY_DVS582.avi	1	46	Outside, SOMEONE runs away from the obstacle course.
UGLY_TRUTH_DVS257.avi	0	0	The well-built neighbor runs out, clutching a towel around his waist.
UGLY_TRUTH_DVS535.avi	0	0	She shimmies sexily as he runs his hands down her body.
WE_BOUGHT_A_ZOO_DVS301.avi	85	167	Snakes infest the driveway. SOMEONE runs out, turns tail, and runs back in.
WE_BOUGHT_A_ZOO_DVS335.avi	9	45	SOMEONE runs after the truck.
WE_BOUGHT_A_ZOO_DVS626.avi	1	25	Looking up from the computer, he remembers taking photos in the field as his wife and children frolic around him. 	Later, they play a game of tag. SOMEONE grins at the memory. In the field, SOMEONE and SOMEONE spread their arms 	like wings as they run circles around him.
WE_BOUGHT_A_ZOO_DVS653.avi	0	0	They share a smile. SOMEONE comes running in.
WE_BOUGHT_A_ZOO_DVS772.avi	74	100	SOMEONE runs down the road.
WE_BOUGHT_A_ZOO_DVS816.avi	0	0	Now, kites float high in the sky. A girl with glasses holds her spool above her head. And a boy winds the string of his. 	Another kid holds his red kite up as he runs. And a woman a launches her own identical one.
WHATS_YOUR_NUMBER_DVS575.avi	54	170	Now a couple runs through tall grass overlooking a beach. Tumbling down beside SOMEONE and SOMEONE, SOMEONE and SOMEONE make out.
WHATS_YOUR_NUMBER_DVS606.avi	0	0	Inside, frantic bridesmaids run amok, while SOMEONE's mother struggles to zip up the bridal gown.
WHATS_YOUR_NUMBER_DVS679.avi	28	148	In slow motion, she runs across the lawn in her high heels.
WHATS_YOUR_NUMBER_DVS696.avi	10	118	Now she runs up the front steps of a church, holding her poufy dress above her ankles.
WHATS_YOUR_NUMBER_DVS702.avi	0	0	The confused guests watch her run back out through the doors.
WHATS_YOUR_NUMBER_DVS707.avi	0	0	SOMEONE gets out and runs through the stopped vehicles, then works her way through the lively crowd.
WHATS_YOUR_NUMBER_DVS716.avi	19	76	She runs past the paparazzi.
WHATS_YOUR_NUMBER_DVS722.avi	4	64	She runs back up the red carpet.
WHATS_YOUR_NUMBER_DVS743.avi	0	0	As they walk over toward a fountain, four little girls run past.
WHATS_YOUR_NUMBER_DVS750.avi	0	0	Behind them, several boys run out to watch, while the wedding guests raise their glasses to the bride and groom.
XMEN_FIRST_CLASS_DVS413.avi	7	93	On the ship, SOMEONE runs along the deck, then dives from the edge. He plunges into the water behind SOMEONE and wraps his arms around him.
XMEN_FIRST_CLASS_DVS604.avi	87	87	He runs off.
XMEN_FIRST_CLASS_DVS1171.avi	0	0	With a flick of his hand, SOMEONE rips off a chunk of the sub, crushing the cyclone-maker. He runs on board.
XMEN_FIRST_CLASS_DVS1261.avi	117	128	He looks at SOMEONE and nods. She runs to the crashed X-Jet.
XMEN_FIRST_CLASS_DVS1302.avi	116	145	In slow motion, both the Russians and Americans celebrate. SOMEONE runs over to SOMEONE.
YOUNG_ADULT_DVS90.avi	0	0	Wearing sweatpants and a hooded sweatshirt, SOMEONE runs across a busy road.
YOUNG_ADULT_DVS360.avi	0	0	A small boy runs into SOMEONE.
ZOMBIELAND_DVS49.avi	0	0	A father and son team runs away from their infected competitors during a three-legged race.
ZOMBIELAND_DVS366.avi	59	87	Staying out of its line of sight, SOMEONE shoots a zombie as it runs out.
ZOMBIELAND_DVS368.avi	1	19	As SOMEONE calmly tugs a rope and enters a building, a piano plummets onto a zombie running after her.
ZOMBIELAND_DVS408.avi	91	114	As SOMEONE and SOMEONE hop out, a zombie dressed as SOMEONE runs at them.
ZOMBIELAND_DVS572.avi	99	143	Now the girls run from a pack of zombies. SOMEONE drops one with a keen shot.
ZOMBIELAND_DVS627.avi	0	0	As he spins it around, he runs over two zombie bodies.
ZOMBIELAND_DVS646.avi	35	106	SOMEONE stops running.
ZOMBIELAND_DVS650.avi	0	0	He runs.
ZOOKEEPER_DVS386.avi	0	0	SOMEONE runs off.
